doc_id,title,provider,category,source_url,status,local_path
k8s_debug_pods,Debug Pods,kubernetes,pod_troubleshooting,https://kubernetes.io/docs/tasks/debug/debug-application/debug-pods/,pending,
k8s_debug_running_pod,Debug Running Pods,kubernetes,pod_troubleshooting,https://kubernetes.io/docs/tasks/debug/debug-application/debug-running-pod/,pending,
k8s_debug_services,Debug Services,kubernetes,service_troubleshooting,https://kubernetes.io/docs/tasks/debug/debug-application/debug-service/,pending,
k8s_troubleshooting_applications,Troubleshooting Applications,kubernetes,application_troubleshooting,https://kubernetes.io/docs/tasks/debug/debug-application/,pending,
k8s_liveness_readiness_startup_probes,Configure Liveness Readiness and Startup Probes,kubernetes,probes,https://kubernetes.io/docs/tasks/configure-pod-container/configure-liveness-readiness-startup-probes/,pending,
k8s_horizontal_pod_autoscaling,Horizontal Pod Autoscaling,kubernetes,autoscaling,https://kubernetes.io/docs/concepts/workloads/autoscaling/horizontal-pod-autoscale/,pending,
k8s_resource_management,Resource Management for Pods and Containers,kubernetes,resource_management,https://kubernetes.io/docs/concepts/configuration/manage-resources-containers/,pending,
k8s_configmaps,ConfigMaps,kubernetes,configuration,https://kubernetes.io/docs/concepts/configuration/configmap/,pending,
k8s_secrets,Secrets,kubernetes,configuration,https://kubernetes.io/docs/concepts/configuration/secret/,pending,
k8s_logging_architecture,Logging Architecture,kubernetes,observability,https://kubernetes.io/docs/concepts/cluster-administration/logging/,pending,
k8s_observability,Observability,kubernetes,observability,https://kubernetes.io/docs/concepts/cluster-administration/observability/,pending,
aws_eks_auto_mode_troubleshooting,Troubleshoot EKS Auto Mode,aws,eks_troubleshooting,https://docs.aws.amazon.com/eks/latest/userguide/auto-troubleshoot.html,pending,
aws_eks_iam_troubleshooting,Troubleshooting IAM - Amazon EKS,aws,eks_iam,https://docs.aws.amazon.com/eks/latest/userguide/security-iam-troubleshoot.html,pending,
aws_ec2_autoscaling_health_checks,About the health checks for your Auto Scaling group,aws,autoscaling_health_checks,https://docs.aws.amazon.com/autoscaling/ec2/userguide/health-checks-overview.html,pending,
aws_ec2_autoscaling_unhealthy_instances,Troubleshoot unhealthy instances in Amazon EC2 Auto Scaling,aws,autoscaling_troubleshooting,https://docs.aws.amazon.com/autoscaling/ec2/userguide/ts-as-healthchecks.html,pending,
aws_ec2_autoscaling_troubleshooting,Troubleshoot Amazon EC2 Auto Scaling,aws,autoscaling_troubleshooting,https://docs.aws.amazon.com/autoscaling/ec2/userguide/CHAP_Troubleshooting.html,pending,
aws_alb_troubleshooting,Troubleshoot your Application Load Balancers,aws,alb_troubleshooting,https://docs.aws.amazon.com/elasticloadbalancing/latest/application/load-balancer-troubleshooting.html,pending,
aws_alb_monitoring,Monitor your Application Load Balancers,aws,alb_monitoring,https://docs.aws.amazon.com/elasticloadbalancing/latest/application/load-balancer-monitoring.html,pending,
aws_rds_troubleshooting,Troubleshooting for Amazon RDS,aws,rds_troubleshooting,https://docs.aws.amazon.com/AmazonRDS/latest/UserGuide/CHAP_Troubleshooting.html,pending,
aws_vpc_reachability_analyzer,Troubleshoot reachability issues using Reachability Analyzer,aws,vpc_troubleshooting,https://docs.aws.amazon.com/vpc/latest/userguide/reachability-analyzer.html,pending,
